Vinyl Sectional Post Binders,Valerie Takahito,19361,317.53,37.7,2.99,Manitoba,Binders and Binder Accessories,0.35
"Message Book, Standard Line ""While You Were Out"", 5 1/2"" X 4"", 200 Sets/Book",Valerie Takahito,19361,-14.28,8.56,5.16,Manitoba,Paper,0.38
Staples Metal Binder Clips,Valerie Dominguez,19557,13.99,2.62,0.8,Manitoba,Rubber Bands,0.39
"File Shuttle II and Handi-File, Black",Valerie Dominguez,19557,15.56,33.89,5.1,Manitoba,Storage & Organization,0.6
Kleencut� Forged Office Shears by Acme United Corporation,Gary Hwang,19586,-66.87,2.08,2.56,Manitoba,"Scissors, Rulers and Trimmers",0.55
Sharp EL500L Fraction Calculator,Victor Price,19718,-38.29,13.99,7.51,Manitoba,Office Machines,0.39
Staples 6 Outlet Surge,Natalie Webber,19744,-34.39,11.97,4.98,Manitoba,Appliances,0.58
Eldon Executive Woodline II Cherry Finish Desk Accessories,Jack Garza,20069,-88.35,40.89,18.98,Manitoba,Office Furnishings,0.57
Canon F603 Scientific Calculator,Thais Sissman,20103,-17.5,9.99,6.24,Manitoba,Office Machines,0.36
"Fellowes Internet Keyboard, Platinum",Thais Sissman,20103,-173.88,30.42,8.65,Manitoba,Computer Peripherals,0.74
Avery 494,Susan MacKendrick,20135,43.23,2.61,0.5,Manitoba,Labels,0.39
"SAFCO PlanMaster Heigh-Adjustable Drafting Table Base, 43w x 30d x 30-37h, Black",Susan MacKendrick,20135,2428.59,349.45,60,Manitoba,Tables,
TimeportP7382,Mick Crebagga,20166,-693.33,205.99,8.99,Manitoba,Telephones and Communication,0.56
"Verbatim DVD-RAM, 9.4GB, Rewritable, Type 1, DS, DataLife Plus",Henia Zydlo,20192,504.35,45.19,1.99,Manitoba,Computer Peripherals,0.55
Staples Metal Binder Clips,Gary Hwang,20229,25.2,2.62,0.8,Manitoba,Rubber Bands,0.39
Avery Hi-Liter Pen Style Six-Color Fluorescent Set,Mike Gockenbach,20966,7.78,3.85,0.7,Manitoba,Pens & Art Supplies,0.44
"Verbatim DVD-R, 3.95GB, SR, Mitsubishi Branded, Jewel",Mike Gockenbach,20966,308.12,22.24,1.99,Manitoba,Computer Peripherals,0.43
"C-Line Cubicle Keepers Polyproplyene Holder w/Velcro� Back, 8-1/2x11, 25/Bx",Mike Gockenbach,20966,326.97,54.74,14.83,Manitoba,Office Furnishings,0.54
SANFORD Major Accent� Highlighters,Mike Gockenbach,21063,84.66,7.08,2.35,Manitoba,Pens & Art Supplies,0.47
Bevis Rectangular Conference Tables,Mike Gockenbach,21063,-279.74,145.98,51.92,Manitoba,Tables,0.69
Self-Adhesive Ring Binder Labels,Nora Pelletier,21412,-199.3,3.52,6.83,Manitoba,Binders and Binder Accessories,0.38
"Black Print Carbonless 8 1/2"" x 8 1/4"" Rapid Memo Book",Nora Pelletier,21412,-8.51,7.28,4.23,Manitoba,Paper,0.39
O'Sullivan 3-Shelf Heavy-Duty Bookcases,Thea Hudgings,21442,-612.94,58.14,36.61,Manitoba,Bookcases,0.61
Park Ridge� Embossed Executive Business Envelopes,Thea Hudgings,21442,401.07,15.57,1.39,Manitoba,Envelopes,0.38
"Sanford EarthWrite� Recycled Pencils, Medium Soft, #2",Maurice Satty,21444,-2.29,2.1,0.7,Manitoba,Pens & Art Supplies,0.57
"DS/HD IBM Formatted Diskettes, 200/Pack - Staples",Tom Zandusky,21861,-135.4,47.98,3.61,Manitoba,Computer Peripherals,0.71
5180,Natalie Webber,21956,-301.91,65.99,8.99,Manitoba,Telephones and Communication,0.56
Xerox 1922,Michael Moore,22051,-160.71,4.98,7.44,Manitoba,Paper,0.36
Xerox 210,Gary Hwang,22085,-147.82,6.48,7.37,Manitoba,Paper,0.37
Portfile� Personal File Boxes,Gary Hwang,22085,-88.02,17.7,9.47,Manitoba,Storage & Organization,0.59
Bevis Steel Folding Chairs,Jamie Frazer,22086,-862.44,95.95,74.35,Manitoba,Chairs & Chairmats,0.57
Avery Arch Ring Binders,Natalie Webber,22118,1315.75,58.1,1.49,Manitoba,Binders and Binder Accessories,0.38
Newell 310,Joseph Airdo,22304,-3.73,1.76,0.7,Manitoba,Pens & Art Supplies,0.56
Avery 508,Irene Maddox,22919,41.33,4.91,0.5,Manitoba,Labels,0.36
GBC VeloBinder Strips,Tracy Zic,23041,-31.59,7.68,6.16,Manitoba,Binders and Binder Accessories,0.35
Ibico Ibimaster 300 Manual Binding System,Tracy Zic,23041,203.44,367.99,19.99,Manitoba,Binders and Binder Accessories,0.4
Bevis Boat-Shaped Conference Table,Tracy Zic,23041,-474.49,262.11,62.74,Manitoba,Tables,0.75
"IBM Active Response Keyboard, Black",Penelope Sewall,23232,-54.37,39.98,7.12,Manitoba,Computer Peripherals,0.67
Avery White Multi-Purpose Labels,Penelope Sewall,23232,68.88,4.98,0.49,Manitoba,Labels,0.39
Xerox 1984,Penelope Sewall,23232,-94.11,6.48,8.74,Manitoba,Paper,0.36
"Holmes Replacement Filter for HEPA Air Cleaner, Very Large Room, HEPA Filter",Mick Crebagga,23270,-441.44,68.81,60,Manitoba,Appliances,0.41
CF 888,Mick Crebagga,23270,1647.75,195.99,3.99,Manitoba,Telephones and Communication,0.59
8860,Jill Stevenson,23618,748.2,65.99,5.26,Manitoba,Telephones and Communication,0.56
"Westinghouse Floor Lamp with Metal Mesh Shade, Black",Steven Ward,24033,-252.53,23.99,15.68,Manitoba,Office Furnishings,0.62
Bush Mission Pointe Library,Gary Hwang,24066,-955.56,150.98,66.27,Manitoba,Bookcases,0.65
"Wirebound Service Call Books, 5 1/2"" x 4""",Sean Braxton,24162,-4.35,9.68,2.03,Manitoba,Paper,0.37
"Iceberg OfficeWorks 42"" Round Tables",Sean Braxton,24162,-7.01,150.98,16.01,Manitoba,Tables,0.7
Avery 508,Linda Southworth,24384,95.52,4.91,0.5,Manitoba,Labels,0.36
Fellowes Staxonsteel� Drawer Files,Linda Southworth,24384,294.94,193.17,19.99,Manitoba,Storage & Organization,0.71
CF 688,Linda Southworth,24384,110.54,155.99,8.99,Manitoba,Telephones and Communication,0.58
Chromcraft Rectangular Conference Tables,Roy Skaria,24448,1187.8,236.97,59.24,Manitoba,Tables,0.61
Xerox 212,Valerie Takahito,24452,-91.61,6.48,8.4,Manitoba,Paper,0.37
Canon MP41DH Printing Calculator,Tanja Norvell,24544,1771.15,150.98,13.99,Manitoba,Office Machines,0.38
"Global Stack Chair without Arms, Black",Tanja Norvell,24544,-97.47,25.98,14.36,Manitoba,Chairs & Chairmats,0.6
Fellowes Neat Ideas� Storage Cubes,Tanja Norvell,24544,-1212.55,32.48,35,Manitoba,Storage & Organization,0.81
Colored Envelopes,Valerie Takahito,24865,-13.35,3.69,2.5,Manitoba,Envelopes,0.39
Array� Memo Cubes,Mike Gockenbach,24902,46.31,5.18,2.04,Manitoba,Paper,0.36
"Conquest� 14 Commercial Heavy-Duty Upright Vacuum, Collection System, Accessory Kit",Ryan Crowe,25348,-41.27,56.96,13.22,Manitoba,Appliances,0.56
Accessory32,Ryan Crowe,25348,-68.3,55.99,1.25,Manitoba,Telephones and Communication,0.35
Belkin 8 Outlet SurgeMaster II Gold Surge Protector with Phone Protection,Troy Blackwell,25350,747.68,80.98,4.5,Manitoba,Appliances,0.59
"Sanford EarthWrite� Recycled Pencils, Medium Soft, #2",Troy Blackwell,25350,1,2.1,0.7,Manitoba,Pens & Art Supplies,0.57
Xerox 1903,Mike Gockenbach,25541,-111.34,5.98,5.79,Manitoba,Paper,0.36
"Perma STOR-ALL� Hanging File Box, 13 1/8""W x 12 1/4""D x 10 1/2""H",Valerie Dominguez,25601,-131.08,5.98,4.69,Manitoba,Storage & Organization,0.68
Acme� Design Stainless Steel Bent Scissors,Michael Oakman,25828,-65.8,6.84,4.42,Manitoba,"Scissors, Rulers and Trimmers",0.58
Xerox 217,Gary McGarr,26176,-66.87,6.48,8.19,Manitoba,Paper,0.37
1726 Digital Answering Machine,Gary McGarr,26176,34.01,20.99,4.81,Manitoba,Telephones and Communication,0.58
Avery 487,Henry Goldwyn,26337,60.29,3.69,0.5,Manitoba,Labels,0.38
Park Ridge� Embossed Executive Business Envelopes,Thais Sissman,26503,297.23,15.57,1.39,Manitoba,Envelopes,0.38
12-1/2 Diameter Round Wall Clock,Thais Sissman,26503,58.69,19.98,10.49,Manitoba,Office Furnishings,0.49
"Wilson Jones Ledger-Size, Piano-Hinge Binder, 2"", Blue",Troy Blackwell,26657,333.17,40.98,7.47,Manitoba,Binders and Binder Accessories,0.37
Xerox 1937,Jamie Frazer,26787,434.71,48.04,5.79,Manitoba,Paper,0.37
Honeywell Enviracaire Portable HEPA Air Cleaner for 17' x 22' Room,Mick Crebagga,26919,763.32,300.65,24.49,Manitoba,Appliances,0.52
Xerox 1961,Mick Crebagga,26919,-151.55,4.98,7.54,Manitoba,Paper,0.38
"Post-it� �Important Message� Note Pad, Neon Colors, 50 Sheets/Pad",Mick Crebagga,26945,77.33,7.28,1.77,Manitoba,Paper,0.37
Avery Durable Binders,Joseph Airdo,27364,4.37,2.88,1.49,Manitoba,Binders and Binder Accessories,0.36
StarTAC 7760,Joseph Airdo,27364,201.73,65.99,3.99,Manitoba,Telephones and Communication,0.59
SAFCO Folding Chair Trolley,Evan Bailliet,27460,-1.68,128.24,12.65,Manitoba,Chairs & Chairmats,
"Imation 3.5"" DS/HD IBM Formatted Diskettes, 10/Pack",Evan Bailliet,27460,-102.16,5.98,4.38,Manitoba,Computer Peripherals,0.75
Smead Alpha-Z Color-Coded Name Labels First Letter Starter Set,Tracy Collins,27717,-93.67,3.75,7.5,Manitoba,Labels,0.37
Canon PC1080F Personal Copier,Roy Skaria,27778,-735.97,599.99,24.49,Manitoba,Copiers and Fax,0.5
Accessory32,Irene Maddox,27936,405.16,55.99,1.25,Manitoba,Telephones and Communication,0.35
"Tyvek Interoffice Envelopes, 9 1/2"" x 12 1/2"", 100/Box",Meg Tillman,28228,8.46,60.98,19.99,Manitoba,Envelopes,0.38
Micro Innovations 104 Keyboard,Thea Hudgings,28259,-92.1,10.97,6.5,Manitoba,Computer Peripherals,0.64
"Tenex Personal Project File with Scoop Front Design, Black",Rachel Payne,28419,-5.28,13.48,4.51,Manitoba,Storage & Organization,0.59
Gyration RF Keyboard,Tanja Norvell,28614,2992.8,159.99,5.5,Manitoba,Computer Peripherals,0.49
"Wirebound Message Book, 4 per Page",Craig Molinari,28741,21.51,5.43,0.95,Manitoba,Paper,0.36
Fiskars� Softgrip Scissors,Craig Molinari,28741,-10.34,10.98,3.37,Manitoba,"Scissors, Rulers and Trimmers",0.57
Verbatim 4.7GB DVD-R,Mike Gockenbach,28769,-31.24,33.29,1.99,Manitoba,Computer Peripherals,0.41
Belkin 8 Outlet SurgeMaster II Gold Surge Protector,Nora Pelletier,28928,-49.34,59.98,3.99,Manitoba,Appliances,0.57
Hayes Optima 56K V.90 Internal Voice Modem,Nora Pelletier,28928,729.06,256.99,11.25,Manitoba,Computer Peripherals,0.51
Accessory17,Nora Pelletier,28928,-135.86,35.99,5,Manitoba,Telephones and Communication,0.82
Xerox 200,Valerie Takahito,29058,-101.5,6.48,6.35,Manitoba,Paper,0.37
"Quartet Omega� Colored Chalk, 12/Pack",Valerie Takahito,29058,42.8,5.84,1,Manitoba,Pens & Art Supplies,0.38
2300 Heavy-Duty Transfer File Systems by Perma,Valerie Takahito,29058,-74.64,24.98,8.79,Manitoba,Storage & Organization,0.66
Prang Dustless Chalk Sticks,Thea Hudgings,29127,-0.81,1.68,1,Manitoba,Pens & Art Supplies,0.35
Hon 94000 Series Round Tables,Penelope Sewall,29191,-650.11,296.18,54.12,Manitoba,Tables,0.76
SAFCO Arco Folding Chair,Joy Daniels,29249,454.26,276.2,24.49,Manitoba,Chairs & Chairmats,
"Telephone Message Books with Fax/Mobile Section, 5 1/2"" x 3 3/16""",Joy Daniels,29249,125.65,6.35,1.02,Manitoba,Paper,0.39
"White Dual Perf Computer Printout Paper, 2700 Sheets, 1 Part, Heavyweight, 20 lbs., 14 7/8 x 11",Tanja Norvell,29347,221.09,40.99,19.99,Manitoba,Paper,0.36
Accessory25,Russell D'Ascenzo,29478,19.61,20.99,0.99,Manitoba,Telephones and Communication,0.57
Self-Adhesive Removable Labels,Ryan Crowe,29991,48.93,3.15,0.49,Manitoba,Labels,0.37
"Ampad� Evidence� Wirebond Steno Books, 6"" x 9""",Meg Tillman,30853,-85.17,2.18,7.09,Manitoba,Paper,0.38
Fellowes Staxonsteel� Drawer Files,Linda Southworth,30886,534.29,193.17,19.99,Manitoba,Storage & Organization,0.71
Hon Every-Day� Chair Series Swivel Task Chairs,Tracy Zic,31042,192.31,120.98,30,Manitoba,Chairs & Chairmats,0.64
Prang Drawing Pencil Set,Tracy Zic,31042,-6.04,2.78,1.2,Manitoba,Pens & Art Supplies,0.58
Sharp EL500L Fraction Calculator,Evan Bailliet,31078,-36.77,13.99,7.51,Manitoba,Office Machines,0.39
Advantus Panel Wall Certificate Holder - 8.5x11,Gary McGarr,31493,46.74,12.2,6.02,Manitoba,Office Furnishings,0.43
Luxo Adjustable Task Clamp Lamp,Jill Fjeld,31555,572.26,88.84,20.79,Manitoba,Office Furnishings,0.59
Lexmark Z55se Color Inkjet Printer,Jill Fjeld,31555,-153.31,90.97,28,Manitoba,Office Machines,0.38
Xerox 210,Rachel Payne,31744,-43.48,6.48,7.37,Manitoba,Paper,0.37
"Maxell Pro 80 Minute CD-R, 10/Pack",Joy Daniels,31842,-18.84,17.48,1.99,Manitoba,Computer Peripherals,0.45
Accessory27,Craig Molinari,31910,-190.03,35.99,5,Manitoba,Telephones and Communication,0.85
Xerox 1993,Gene McClure,32069,-102.24,6.48,9.68,Manitoba,Paper,0.36
Belkin 6 Outlet Metallic Surge Strip,Jill Stevenson,32519,-23.82,10.89,4.5,Manitoba,Appliances,0.59
Microsoft Internet Keyboard,Rick Bensley,32647,-56.83,20.97,4,Manitoba,Computer Peripherals,0.77
Bretford CR4500 Series Slim Rectangular Table,Rick Bensley,32647,348.84,348.21,84.84,Manitoba,Tables,0.66
Epson LQ-570e Dot Matrix Printer,Steven Cartwright,32966,-668.06,270.97,28.06,Manitoba,Office Machines,0.56
Sanford Pocket Accent� Highlighters,Steven Cartwright,32966,-13.4,1.6,1.29,Manitoba,Pens & Art Supplies,0.42
Newell� 3-Hole Punched Plastic Slotted Magazine Holders for Binders,Eric Hoffmann,33218,-84.08,4.57,5.42,Manitoba,Binders and Binder Accessories,0.37
Contemporary Wood/Metal Frame,Eric Hoffmann,33218,53.67,16.16,7.74,Manitoba,Office Furnishings,0.5
Recycled Eldon Regeneration Jumbo File,Michael Oakman,33285,-23.29,12.28,6.13,Manitoba,Storage & Organization,0.57
Xerox 231,Penelope Sewall,33479,-31.27,6.48,5.11,Manitoba,Paper,0.37
Newell 310,Mick Crebagga,33537,-1.97,1.76,0.7,Manitoba,Pens & Art Supplies,0.56
Accessory39,Mick Crebagga,33537,-105.09,20.99,3.3,Manitoba,Telephones and Communication,0.81
Coloredge Poster Frame,Matthew Clasen,33569,45.83,14.2,5.3,Manitoba,Office Furnishings,0.46
"Master Caster Door Stop, Brown",Steven Ward,33571,-2.55,5.08,2.03,Manitoba,Office Furnishings,0.51
Advantus Panel Wall Acrylic Frame,Michael Oakman,33637,-61.36,5.47,5.26,Manitoba,Office Furnishings,0.42
Newell 325,Mick Crebagga,33670,24.21,4.13,1.23,Manitoba,Pens & Art Supplies,0.55
Newell 35,Mick Crebagga,33670,-16.58,3.28,5,Manitoba,Pens & Art Supplies,0.56
Ultra Door Push Plate,Ryan Crowe,33794,-17.91,4.91,3.05,Manitoba,Office Furnishings,0.52
"Wirebound Message Books, 2 7/8"" x 5"", 3 Forms per Page",Troy Blackwell,33857,28.87,7.04,2.17,Manitoba,Paper,0.38
Barrel Sharpener,Joy Daniels,34400,-71.52,3.57,4.17,Manitoba,Pens & Art Supplies,0.59
5170,Joy Daniels,34400,89.89,65.99,4.2,Manitoba,Telephones and Communication,0.59
Jet-Pak Recycled Peel 'N' Seal Padded Mailers,Rachel Payne,34407,220.99,35.89,14.72,Manitoba,Envelopes,0.4
Avery 485,Nora Pelletier,34432,114.1,12.53,0.5,Manitoba,Labels,0.38
"Hot File� 7-Pocket, Floor Stand",Nora Pelletier,34432,-129.97,178.47,19.99,Manitoba,Storage & Organization,0.55
Xerox 1961,Thomas Brumley,34497,-174.18,4.98,7.54,Manitoba,Paper,0.38
Xerox 1991,Thomas Brumley,34497,117.73,22.84,8.18,Manitoba,Paper,0.39
"#10- 4 1/8"" x 9 1/2"" Recycled Envelopes",Phillip Flathmann,34498,10.8,8.74,1.39,Manitoba,Envelopes,0.38
Computer Printout Paper with Letter-Trim Perforations,Phillip Flathmann,34498,-23.2,18.97,9.03,Manitoba,Paper,0.37
"Tenex Personal Project File with Scoop Front Design, Black",Darrin Martin,35045,-10.33,13.48,4.51,Manitoba,Storage & Organization,0.59
Surelock� Post Binders,Sean Braxton,35265,8.43,30.56,2.99,Manitoba,Binders and Binder Accessories,0.35
"Metal Folding Chairs, Beige, 4/Carton",Sean Braxton,35265,-112.88,33.94,19.19,Manitoba,Chairs & Chairmats,0.58
"Sharp EL501VB Scientific Calculator, Battery Operated, 10-Digit Display, Hard Case",Sean Braxton,35265,-28.14,9.49,5.76,Manitoba,Office Machines,0.39
Avery Non-Stick Binders,Julie Kriz,35461,3.5,4.49,1.49,Manitoba,Binders and Binder Accessories,0.39
"*Staples* vLetter Openers, 2/Pack",Julie Kriz,35461,-25.99,3.68,1.32,Manitoba,"Scissors, Rulers and Trimmers",0.83
US Robotics 56K V.92 External Faxmodem,Ryan Crowe,35590,-263.95,99.99,19.99,Manitoba,Computer Peripherals,0.52
Nu-Dell Executive Frame,Gary Hwang,35687,115.24,12.64,4.98,Manitoba,Office Furnishings,0.48
"Mead 1st Gear 2"" Zipper Binder, Asst. Colors",Gene McClure,35776,32.68,12.97,1.49,Manitoba,Binders and Binder Accessories,0.35
"Advantus Push Pins, Aluminum Head",Gene McClure,35776,-32.15,5.81,3.37,Manitoba,Rubber Bands,0.54
GBC DocuBind P100 Manual Binding Machine,Julie Kriz,35782,2097.1,165.98,19.99,Manitoba,Binders and Binder Accessories,0.4
Balt Solid Wood Rectangular Table,Julie Kriz,35782,-450.1,105.49,41.64,Manitoba,Tables,0.75
Hoover WindTunnel� Plus Canister Vacuum,Tracy Collins,35813,2347.18,363.25,19.99,Manitoba,Appliances,0.57
"Master Giant Foot� Doorstop, Safety Yellow",Tracy Collins,35813,-9.81,7.59,4,Manitoba,Office Furnishings,0.42
"Acco Pressboard Covers with Storage Hooks, 14 7/8"" x 11"", Light Blue",Linda Southworth,36003,-115.35,4.91,5.68,Manitoba,Binders and Binder Accessories,0.36
Xerox Blank Computer Paper,Linda Southworth,36003,349.82,19.98,5.77,Manitoba,Paper,0.38
Eldon� 500 Class� Desk Accessories,Gene McClure,36102,36.39,12.07,6.2,Manitoba,Office Furnishings,0.52
Surelock� Post Binders,Nora Pelletier,36295,68.1,30.56,2.99,Manitoba,Binders and Binder Accessories,0.35
Logitech Access Keyboard,Maurice Satty,36323,-48.88,15.98,6.5,Manitoba,Computer Peripherals,0.48
Hoover WindTunnel� Plus Canister Vacuum,Henia Zydlo,36354,889.31,363.25,19.99,Manitoba,Appliances,0.57
Hon 4700 Series Mobuis� Mid-Back Task Chairs with Adjustable Arms,Sean Braxton,36512,1099.29,355.98,58.92,Manitoba,Chairs & Chairmats,0.64
Telescoping Adjustable Floor Lamp,Sean Braxton,36512,41.98,19.99,11.17,Manitoba,Office Furnishings,0.6
"File Shuttle II and Handi-File, Black",Troy Blackwell,36932,92.34,33.89,5.1,Manitoba,Storage & Organization,0.6
"Maxell Pro 80 Minute CD-R, 10/Pack",Tracy Collins,37025,207.3,17.48,1.99,Manitoba,Computer Peripherals,0.45
Canon PC1060 Personal Laser Copier,Julie Kriz,37124,241.3,699.99,24.49,Manitoba,Copiers and Fax,0.41
"Acco Pressboard Covers with Storage Hooks, 14 7/8"" x 11"", Dark Blue",Valerie Dominguez,37696,-20.23,3.81,5.44,Manitoba,Binders and Binder Accessories,0.36
EcoTones� Memo Sheets,Valerie Dominguez,37696,51.29,4,1.3,Manitoba,Paper,0.37
"Tenex Personal Project File with Scoop Front Design, Black",Linda Southworth,37702,26.44,13.48,4.51,Manitoba,Storage & Organization,0.59
"DAX Two-Tone Rosewood/Black Document Frame, Desktop, 5 x 7",Michael Oakman,37794,10.29,9.48,7.29,Manitoba,Office Furnishings,0.45
Fellowes Staxonsteel� Drawer Files,Michael Oakman,37794,781.03,193.17,19.99,Manitoba,Storage & Organization,0.71
Round Specialty Laser Printer Labels,Michael Moore,37987,137.47,12.53,0.49,Manitoba,Labels,0.38
Bevis Round Conference Table Top & Single Column Base,Michael Moore,37987,-270.85,146.34,43.75,Manitoba,Tables,0.64
"Fellowes Smart Surge Ten-Outlet Protector, Platinum",Tanja Norvell,38340,684.9,60.22,3.5,Manitoba,Appliances,0.57
Avery 516,Russell Applegate,38528,22.62,7.31,0.5,Manitoba,Labels,0.38
"Westinghouse Floor Lamp with Metal Mesh Shade, Black",Thomas Brumley,38786,-21.39,23.99,15.68,Manitoba,Office Furnishings,0.62
Avery Hanging File Binders,Eric Barreto,38852,38.08,5.98,1.49,Manitoba,Binders and Binder Accessories,0.39
"Global High-Back Leather Tilter, Burgundy",Nick Radford,39008,-1177.14,122.99,70.2,Manitoba,Chairs & Chairmats,0.74
Fellowes Black Plastic Comb Bindings,Gene McClure,39331,-126.05,5.81,8.49,Manitoba,Binders and Binder Accessories,0.39
GBC Imprintable Covers,Sanjit Engle,39399,23.3,10.98,5.14,Manitoba,Binders and Binder Accessories,0.36
Fellowes PB300 Plastic Comb Binding Machine,Jill Stevenson,39876,7050.33,387.99,19.99,Manitoba,Binders and Binder Accessories,0.38
Poly Designer Cover & Back,Jill Stevenson,39876,233.6,18.99,5.23,Manitoba,Binders and Binder Accessories,0.37
Bevis 36 x 72 Conference Tables,Jill Stevenson,39876,-593.23,124.49,51.94,Manitoba,Tables,0.63
Epson DFX-8500 Dot Matrix Printer,Michael Oakman,40032,-217.47,2550.14,29.7,Manitoba,Office Machines,0.57
Southworth 25% Cotton Linen-Finish Paper & Envelopes,Evan Bailliet,40261,-172.17,9.06,9.86,Manitoba,Paper,0.4
Newell 332,Evan Bailliet,40261,0.51,2.94,1.05,Manitoba,Pens & Art Supplies,0.58
Avery 494,Nora Pelletier,40706,45.1,2.61,0.5,Manitoba,Labels,0.39
Sanford Liquid Accent Highlighters,Toby Knight,40708,19.59,6.68,1.5,Manitoba,Pens & Art Supplies,0.48
"Acme Design Line 8"" Stainless Steel Bent Scissors w/Champagne Handles, 3-1/8"" Cut",Nick Radford,40964,-206.05,6.84,8.37,Manitoba,"Scissors, Rulers and Trimmers",0.58
Satellite Sectional Post Binders,Phillip Flathmann,42243,809.74,43.41,2.99,Manitoba,Binders and Binder Accessories,0.39
"1/4 Fold Party Design Invitations & White Envelopes, 24 8-1/2"" X 11"" Cards, 25 Env./Pack",Phillip Flathmann,42243,-35.75,7.35,5.96,Manitoba,Paper,0.38
Canon PC940 Copier,Denny Joy,42437,7752.01,449.99,49,Manitoba,Copiers and Fax,0.38
Boston 1730 StandUp Electric Pencil Sharpener,Denny Joy,42437,-31.37,21.38,8.99,Manitoba,Pens & Art Supplies,0.59
"Staples #10 Laser & Inkjet Envelopes, 4 1/8"" x 9 1/2"", 100/Box",Tracy Collins,42887,-11.43,9.78,5.76,Manitoba,Envelopes,0.35
Boston 1730 StandUp Electric Pencil Sharpener,Tracy Collins,42887,-45.65,21.38,8.99,Manitoba,Pens & Art Supplies,0.59
Bevis Rectangular Conference Tables,Tracy Collins,42887,-251.41,145.98,51.92,Manitoba,Tables,0.69
"Dual Level, Single-Width Filing Carts",Linda Southworth,43137,1816.71,155.06,7.07,Manitoba,Storage & Organization,0.59
"Telephone Message Books with Fax/Mobile Section, 4 1/4"" x 6""",Rachel Payne,43554,-5.46,3.6,2.2,Manitoba,Paper,0.39
Wilson Jones DublLock� D-Ring Binders,Rick Bensley,43782,30.88,6.75,2.99,Manitoba,Binders and Binder Accessories,0.35
TDK 4.7GB DVD-R,Michael Oakman,43904,111.74,10.01,1.99,Manitoba,Computer Peripherals,0.41
Timeport L7089,Michael Oakman,43904,788.51,125.99,7.69,Manitoba,Telephones and Communication,0.58
Keytronic French Keyboard,Valerie Dominguez,43906,174.8,73.98,14.52,Manitoba,Computer Peripherals,0.65
Staples 1 Part Blank Computer Paper,Theresa Swint,44064,-213.49,11.34,11.25,Manitoba,Paper,0.36
Boston 16765 Mini Stand Up Battery Pencil Sharpener,Theresa Swint,44064,-104.18,11.66,8.99,Manitoba,Pens & Art Supplies,0.59
"Sony MFD2HD Formatted Diskettes, 10/Pack",Natalie Webber,44224,-62.13,6.48,2.74,Manitoba,Computer Peripherals,0.71
"Career Cubicle Clock, 8 1/4"", Black",Maribeth Schnelling,44325,-60.66,20.28,14.39,Manitoba,Office Furnishings,0.47
Belkin 6 Outlet Metallic Surge Strip,Thais Sissman,44422,-6.1,10.89,4.5,Manitoba,Appliances,0.59
"Cardinal Slant-D� Ring Binder, Heavy Gauge Vinyl",Thais Sissman,44422,56.78,8.69,2.99,Manitoba,Binders and Binder Accessories,0.39
Accessory21,Thais Sissman,44422,32.31,20.99,0.99,Manitoba,Telephones and Communication,0.37
Prismacolor Color Pencil Set,Michael Oakman,44609,126.49,19.84,4.1,Manitoba,Pens & Art Supplies,0.44
Binder Clips by OIC,Michael Oakman,44609,12.65,1.48,0.7,Manitoba,Rubber Bands,0.37
Staples Metal Binder Clips,Arthur Gainer,44935,27,2.62,0.8,Manitoba,Rubber Bands,0.39
Binder Clips by OIC,Theresa Swint,45127,-1.29,1.48,0.7,Manitoba,Rubber Bands,0.37
Acco 3-Hole Punch,Eric Barreto,45413,-73.57,4.38,6.21,Manitoba,Binders and Binder Accessories,0.37
GBC VeloBinder Electric Binding Machine,Eric Barreto,45413,778.6,120.98,9.07,Manitoba,Binders and Binder Accessories,0.35
"Wilson Jones 1"" Hanging DublLock� Ring Binders",Eric Barreto,45413,2.32,5.28,2.99,Manitoba,Binders and Binder Accessories,0.37
Portable Personal File Box,Rick Bensley,45571,-7.24,12.21,4.81,Manitoba,Storage & Organization,0.58
LX 788,Rick Bensley,45571,1417.23,155.99,8.99,Manitoba,Telephones and Communication,0.58
Canon P1-DHIII Palm Printing Calculator,Rick Bensley,45571,-36.79,17.98,8.51,Manitoba,Office Machines,0.4
Ames Color-File� Green Diamond Border X-ray Mailers,Eric Barreto,45575,1982.78,83.98,5.01,Manitoba,Envelopes,0.38
Zoom V.92 V.44 PCI Internal Controllerless FaxModem,Rick Bensley,45794,145.54,39.99,10.25,Manitoba,Computer Peripherals,0.55
"Wirebound Message Book, 4 per Page",Matthew Clasen,45860,24.25,5.43,0.95,Manitoba,Paper,0.36
"Rush Hierlooms Collection 1"" Thick Stackable Bookcases",Theresa Swint,46021,-120.24,170.98,35.89,Manitoba,Bookcases,0.66
GBC Standard Therm-A-Bind Covers,Mick Crebagga,46147,30.69,24.92,12.98,Manitoba,Binders and Binder Accessories,0.39
"Wilson Jones Hanging View Binder, White, 1""",Mick Crebagga,46147,-87.01,7.1,6.05,Manitoba,Binders and Binder Accessories,0.39
"Chromcraft Bull-Nose Wood 48"" x 96"" Rectangular Conference Tables",Mick Crebagga,46147,261.66,550.98,64.59,Manitoba,Tables,0.66
DAX Natural Wood-Tone Poster Frame,Gary Hwang,46211,360.94,26.48,6.93,Manitoba,Office Furnishings,0.49
Deflect-o Glass Clear Studded Chair Mats,Thea Hudgings,46241,356.48,62.18,10.84,Manitoba,Office Furnishings,0.63
Novimex Fabric Task Chair,Arthur Gainer,46244,-247.25,60.98,30,Manitoba,Chairs & Chairmats,0.7
"Maxell Pro 80 Minute CD-R, 10/Pack",Arthur Gainer,46244,-18.68,17.48,1.99,Manitoba,Computer Peripherals,0.45
"Avery� 3 1/2"" Diskette Storage Pages, 10/Pack",Sue Ann Reed,46305,-18.25,10.44,5.75,Manitoba,Binders and Binder Accessories,0.39
Ibico Laser Imprintable Binding System Covers,Tanja Norvell,46372,12.71,52.4,16.11,Manitoba,Binders and Binder Accessories,0.39
Xerox 198,Tanja Norvell,46372,-81.33,4.98,8.33,Manitoba,Paper,0.38
GBC Standard Therm-A-Bind Covers,Nora Pelletier,46656,-29.91,24.92,12.98,Manitoba,Binders and Binder Accessories,0.39
GBC Plastic Binding Combs,Nick Radford,46721,-129.56,7.38,11.51,Manitoba,Binders and Binder Accessories,0.36
Xerox 216,Nick Radford,46721,-133.12,6.48,7.91,Manitoba,Paper,0.37
Fellowes Recycled Storage Drawers,Nick Radford,46721,71.56,111.03,8.64,Manitoba,Storage & Organization,0.78
Fellowes EZ Multi-Media Keyboard,Sean Braxton,46852,-117.31,34.98,7.53,Manitoba,Computer Peripherals,0.76
"Maxell 3.5"" DS/HD IBM-Formatted Diskettes, 10/Pack",Sean Braxton,46852,-158.42,4.89,4.93,Manitoba,Computer Peripherals,0.66
"Imation 3.5"", RTS 247544 3M 3.5 DSDD, 10/Pack",Mick Crebagga,46949,-39.33,8.46,3.62,Manitoba,Computer Peripherals,0.61
8890,Katherine Ducich,46951,284.59,115.99,5.92,Manitoba,Telephones and Communication,0.58
"Bush Westfield Collection Bookcases, Fully Assembled",Mick Crebagga,47075,10.22,100.98,35.84,Manitoba,Bookcases,0.62
"Wilson Jones 1"" Hanging DublLock� Ring Binders",Rick Bensley,47399,5.67,5.28,2.99,Manitoba,Binders and Binder Accessories,0.37
Global Enterprise Series Seating High-Back Swivel/Tilt Chairs,Michael Moore,47493,-96.05,270.98,50,Manitoba,Chairs & Chairmats,0.77
Xerox 195,Tom Zandusky,47777,-27.91,6.68,5.41,Manitoba,Paper,0.37
Novimex Swivel Fabric Task Chair,Tanja Norvell,47844,-288.68,150.98,30,Manitoba,Chairs & Chairmats,0.74
T60,Evan Bailliet,47941,33.19,95.99,4.9,Manitoba,Telephones and Communication,0.56
"#10- 4 1/8"" x 9 1/2"" Recycled Envelopes",Henia Zydlo,48423,-172.32,8.74,8.29,Manitoba,Envelopes,0.38
T39m,Tanja Norvell,48837,1231.89,155.99,3.9,Manitoba,Telephones and Communication,0.55
Xerox 1894,Russell D'Ascenzo,48993,-37.04,6.48,6.22,Manitoba,Paper,0.37
"Avery� 3 1/2"" Diskette Storage Pages, 10/Pack",Mick Crebagga,49123,-22.53,10.44,5.75,Manitoba,Binders and Binder Accessories,0.39
"80 Minute Slim Jewel Case CD-R , 10/Pack - Staples",Mick Crebagga,49123,-26.8,8.33,1.99,Manitoba,Computer Peripherals,0.52
Fellowes 8 Outlet Superior Workstation Surge Protector w/o Phone/Fax/Modem Protection,Evan Bailliet,49220,39.36,33.62,3.5,Manitoba,Appliances,0.59
US Robotics 56K V.92 Internal PCI Faxmodem,Natalie Webber,49409,68.23,49.99,19.99,Manitoba,Computer Peripherals,0.45
Canon S750 Color Inkjet Printer,Victor Price,49479,1807.16,120.97,26.3,Manitoba,Office Machines,0.38
Xerox 1940,Troy Blackwell,49600,574.44,54.96,10.75,Manitoba,Paper,0.36
Accessory21,Tanja Norvell,49987,51.75,20.99,0.99,Manitoba,Telephones and Communication,0.37
TimeportP7382,Ross Baird,50242,-426.07,205.99,8.99,Manitoba,Telephones and Communication,0.56
Polycom ViewStation� Adapter H323 Videoconferencing Unit,Gary Hwang,50275,-1565.91,1938.02,13.99,Manitoba,Office Machines,0.38
Xerox 226,Gary Hwang,50275,-56.39,6.48,5.84,Manitoba,Paper,0.37
"Adams Phone Message Book, Professional, 400 Message Capacity, 5 3/6� x 11�",Katherine Ducich,50403,35.37,6.98,1.6,Manitoba,Paper,0.38
Fellowes Recycled Storage Drawers,Theresa Swint,50405,-108,111.03,8.64,Manitoba,Storage & Organization,0.78
"Acco Recycled 2"" Capacity Laser Printer Hanging Data Binders",Natalie Webber,50464,-13.33,14.45,7.17,Manitoba,Binders and Binder Accessories,0.38
Tennsco Industrial Shelving,Thais Sissman,50465,-953,48.91,35,Manitoba,Storage & Organization,0.83
Canon P1-DHIII Palm Printing Calculator,Harry Marie,50469,76.38,17.98,8.51,Manitoba,Office Machines,0.4
Fellowes PB300 Plastic Comb Binding Machine,Tracy Collins,50789,3440.05,387.99,19.99,Manitoba,Binders and Binder Accessories,0.38
#6 3/4 Gummed Flap White Envelopes,Linda Southworth,51044,50.19,9.9,1.39,Manitoba,Envelopes,0.37
"Global Deluxe Stacking Chair, Gray",Linda Southworth,51044,120.01,50.98,14.19,Manitoba,Chairs & Chairmats,0.56
Avery Hi-Liter� Smear-Safe Highlighters,Linda Southworth,51044,35.45,5.84,0.83,Manitoba,Pens & Art Supplies,0.49
Smead Alpha-Z Color-Coded Name Labels First Letter Starter Set,Tracy Collins,51302,-223.5,3.75,7.5,Manitoba,Labels,0.37
"Micro Innovations Micro 3000 Keyboard, Black",Jamie Frazer,51392,-106.58,26.31,5.89,Manitoba,Computer Peripherals,0.75
Xerox 1936,Rachel Payne,51650,91.09,19.98,5.97,Manitoba,Paper,0.38
Epson LQ-570e Dot Matrix Printer,Rachel Payne,51650,2039.41,270.97,28.06,Manitoba,Office Machines,0.56
Newell 343,Rachel Payne,51650,-5.29,2.94,0.96,Manitoba,Pens & Art Supplies,0.58
Avery White Multi-Purpose Labels,Rachel Payne,51652,95.56,4.98,0.49,Manitoba,Labels,0.39
"Fellowes Strictly Business� Drawer File, Letter/Legal Size",Rachel Payne,51652,44.13,140.85,19.99,Manitoba,Storage & Organization,0.73
Accessory36,Victor Price,51876,-298.17,55.99,5,Manitoba,Telephones and Communication,0.83
"Binney & Smith inkTank� Erasable Pocket Highlighter, Chisel Tip, Yellow",Natalie Webber,52070,-109.94,2.28,5.2,Manitoba,Pens & Art Supplies,0.41
Stockwell Push Pins,Jack Garza,52160,1.67,2.18,0.78,Manitoba,Rubber Bands,0.52
M3682,Jack Garza,52160,-403.02,125.99,8.08,Manitoba,Telephones and Communication,0.57
Aluminum Document Frame,Thais Sissman,52258,40.44,12.22,2.85,Manitoba,Office Furnishings,0.55
4009� Highlighters by Sanford,Thea Hudgings,52608,40.04,3.98,0.7,Manitoba,Pens & Art Supplies,0.52
GBC ProClick Punch Binding System,Steven Ward,52640,222.17,63.98,19.99,Manitoba,Binders and Binder Accessories,0.36
Eldon Advantage� Foldable Chair Mats for Low Pile Carpets,Eric Hoffmann,53412,375.87,54.2,11.1,Manitoba,Office Furnishings,0.64
"Global High-Back Leather Tilter, Burgundy",Gary Hwang,53568,-1446.08,122.99,70.2,Manitoba,Chairs & Chairmats,0.74
Xerox 1893,Elpida Rittenbach,53956,311.72,40.99,17.48,Manitoba,Paper,0.36
Staples Bulldog Clip,Toby Knight,54371,46.3,3.78,0.71,Manitoba,Rubber Bands,0.39
GBC Poly Designer Binding Covers,Toby Knight,54371,6.3,16.74,5.08,Manitoba,Binders and Binder Accessories,0.36
"80 Minute CD-R Spindle, 100/Pack - Staples",Toby Knight,54436,151.67,39.48,1.99,Manitoba,Computer Peripherals,0.54
"Imation Neon Mac Format Diskettes, 10/Pack",Toby Knight,54436,-47.23,8.12,2.83,Manitoba,Computer Peripherals,0.77
12-1/2 Diameter Round Wall Clock,Joseph Airdo,54464,44.29,19.98,10.49,Manitoba,Office Furnishings,0.49
Regeneration Desk Collection,Joseph Airdo,54464,-184.6,1.76,4.86,Manitoba,Office Furnishings,0.41
Avery 494,Valerie Takahito,54468,12.76,2.61,0.5,Manitoba,Labels,0.39
"Hunt BOSTON� Vista� Battery-Operated Pencil Sharpener, Black",Valerie Takahito,54468,-114.18,11.66,7.95,Manitoba,Pens & Art Supplies,0.58
"DAX Value U-Channel Document Frames, Easel Back",Phillip Flathmann,54819,-20.68,4.97,5.71,Manitoba,Office Furnishings,0.54
Staples Metal Binder Clips,Phillip Flathmann,54819,11.42,2.62,0.8,Manitoba,Rubber Bands,0.39
6120,Phillip Flathmann,54819,624.12,65.99,8.8,Manitoba,Telephones and Communication,0.58
Avery White Multi-Purpose Labels,Natalie Webber,54882,34.98,4.98,0.49,Manitoba,Labels,0.39
"Dixon Ticonderoga Core-Lock Colored Pencils, 48-Color Set",Natalie Webber,54882,-43.93,36.55,13.89,Manitoba,Pens & Art Supplies,0.41
Tripp Lite Isotel 6 Outlet Surge Protector with Fax/Modem Protection,Russell Applegate,55042,513.93,60.97,4.5,Manitoba,Appliances,0.56
6000,Russell Applegate,55042,471.09,65.99,2.5,Manitoba,Telephones and Communication,0.55
"Array� Parchment Paper, Assorted Colors",Thais Sissman,55046,-12.93,7.28,11.15,Manitoba,Paper,0.37
Southworth 25% Cotton Premium Laser Paper and Envelopes,Jamie Frazer,55297,60.59,19.98,8.68,Manitoba,Paper,0.37
Avery 498,Russell Applegate,55360,50.74,2.89,0.5,Manitoba,Labels,0.38
"Chromcraft Bull-Nose Wood Round Conference Table Top, Wood Base",Russell Applegate,55360,1517.12,217.85,29.1,Manitoba,Tables,0.68
Hon Rectangular Conference Tables,Jack Garza,55623,1094.57,227.55,32.48,Manitoba,Tables,0.68
PC Concepts 116 Key Quantum 3000 Keyboard,Steven Cartwright,55650,-112.58,32.98,5.5,Manitoba,Computer Peripherals,0.75
"DAX Metal Frame, Desktop, Stepped-Edge",Helen Andreada,55651,120.69,20.24,8.99,Manitoba,Office Furnishings,0.46
Fellowes Super Stor/Drawer�,Helen Andreada,55651,-52.73,27.75,19.99,Manitoba,Storage & Organization,0.67
"Imation 3.5"" Diskettes, IBM Format, DS/HD, 10/Box, Neon",Sean Braxton,56322,64.13,31.11,3.6,Manitoba,Computer Peripherals,0.64
M3682,Sean Braxton,56322,71.06,125.99,8.08,Manitoba,Telephones and Communication,0.57
Revere Boxed Rubber Bands by Revere,Linda Southworth,56608,-15.11,1.89,0.76,Manitoba,Rubber Bands,0.83
8890,Joseph Airdo,56612,1219.34,115.99,5.92,Manitoba,Telephones and Communication,0.58
Dixon Ticonderoga Core-Lock Colored Pencils,Roland Murray,56835,-5.16,9.11,2.25,Manitoba,Pens & Art Supplies,0.52
Wilson Jones� Four-Pocket Poly Binders,Jack Garza,57058,-24.3,6.54,5.27,Manitoba,Binders and Binder Accessories,0.36
"IBM Numeric Access II Keypad, 17-Key, Black",Jack Garza,57058,-131.9,35.77,9.02,Manitoba,Computer Peripherals,0.75
Southworth Structures Collection�,Thais Sissman,57506,-66.87,7.28,5.47,Manitoba,Paper,0.35
"Westinghouse Floor Lamp with Metal Mesh Shade, Black",Russell D'Ascenzo,57574,-192.7,23.99,15.68,Manitoba,Office Furnishings,0.62
Avery 484,Rachel Payne,57602,58.52,2.88,0.5,Manitoba,Labels,0.36
"Imation 3.5"", DISKETTE 44766 HGHLD3.52HD/FM, 10/Pack",Arthur Gainer,57921,-42.12,4.98,4.62,Manitoba,Computer Peripherals,0.64
Boston 1730 StandUp Electric Pencil Sharpener,Arthur Gainer,57921,-45.94,21.38,8.99,Manitoba,Pens & Art Supplies,0.59
Xerox 1979,Steven Ward,57958,385.8,30.98,8.74,Manitoba,Paper,0.4
Avery Durable Poly Binders,Arthur Gainer,58086,-118.6,5.53,6.98,Manitoba,Binders and Binder Accessories,0.39
Xerox 1882,Arthur Gainer,58086,471.22,55.98,13.88,Manitoba,Paper,0.36
"Executive Impressions 13"" Clairmont Wall Clock",Tracy Collins,58182,166.92,19.23,6.15,Manitoba,Office Furnishings,0.44
"Imation Printable White 80 Minute CD-R Spindle, 50/Pack",Rick Bensley,58342,754.1,40.98,1.99,Manitoba,Computer Peripherals,0.44
"Soundgear Copyboard Conference Phone, Optional Battery",Emily Ducich,59174,-139.5,204.1,13.99,Manitoba,Office Machines,0.37
TI 36X Solar Scientific Calculator,Thea Hudgings,59361,218.65,23.99,6.3,Manitoba,Office Machines,0.38
Epson LQ-870 Dot Matrix Printer,Sanjit Engle,59365,-1220.91,535.64,14.7,Manitoba,Office Machines,0.59
Xerox 1997,Jill Fjeld,59492,-153.75,6.48,10.05,Manitoba,Paper,0.37
Avanti 4.4 Cu. Ft. Refrigerator,Susan MacKendrick,59684,778.01,180.98,55.24,Manitoba,Appliances,0.57
"Imation 3.5 IBM Formatted Diskettes, 10/Box",Susan MacKendrick,59684,-15.12,8.32,2.38,Manitoba,Computer Peripherals,0.74
"Important Message Pads, 50 4-1/4 x 5-1/2 Forms per Pad",Susan MacKendrick,59684,-5.26,4.2,2.26,Manitoba,Paper,0.36
Xerox 1993,Susan MacKendrick,59684,-144.89,6.48,9.68,Manitoba,Paper,0.36
GBC Standard Therm-A-Bind Covers,Peter Fuller,229,3.82,24.92,12.98,Saskachewan,Binders and Binder Accessories,0.39
"Lifetime Advantage� Folding Chairs, 4/Carton",Sam Craven,512,19.18,218.08,18.06,Saskachewan,Chairs & Chairmats,0.57
"Decoflex Hanging Personal Folder File, Blue",Sam Craven,512,-166.4,15.42,10.68,Saskachewan,Storage & Organization,0.58
Eldon Antistatic Chair Mats for Low to Medium Pile Carpets,Mitch Willingham,1287,480.57,105.29,10.12,Saskachewan,Office Furnishings,0.79
Xerox 216,Mitch Willingham,1895,-23.25,6.48,7.91,Saskachewan,Paper,0.37
Keytronic 105-Key Spanish Keyboard,Sam Craven,2023,-321.84,73.98,12.14,Saskachewan,Computer Peripherals,0.67
Xerox 1952,Sam Craven,2023,-132.51,4.98,5.49,Saskachewan,Paper,0.38
GBC DocuBind 200 Manual Binding Machine,John Dryer,2593,276.68,420.98,19.99,Saskachewan,Binders and Binder Accessories,0.35
"Hon Deluxe Fabric Upholstered Stacking Chairs, Rounded Back",John Dryer,2593,691.13,243.98,43.32,Saskachewan,Chairs & Chairmats,0.55
Accessory32,Susan Gilcrest,3461,1040.4,55.99,1.25,Saskachewan,Telephones and Communication,0.35
StarTAC 7797,Susan Gilcrest,3461,784.77,115.99,2.5,Saskachewan,Telephones and Communication,0.55
Xerox 1881,Ken Heidel,3554,-14.06,12.28,6.47,Saskachewan,Paper,0.38
"Wilson Jones Hanging View Binder, White, 1""",Patrick Ryan,4166,-49.35,7.1,6.05,Saskachewan,Binders and Binder Accessories,0.39
Wilson Jones Custom Binder Spines & Labels,Randy Bradley,5059,-19.31,5.44,7.46,Saskachewan,Binders and Binder Accessories,0.36
5180,William Brown,5254,258.62,65.99,8.99,Saskachewan,Telephones and Communication,0.56
Xerox 1895,Rick Hansen,5575,-269.37,5.98,10.39,Saskachewan,Paper,0.4
Epson FX-2180 Wide Format Dot Matrix Printer,Ken Heidel,5954,4569.06,596.98,14.7,Saskachewan,Office Machines,0.57
"Master Caster Door Stop, Brown",Toby Grace,6018,36.04,5.08,2.03,Saskachewan,Office Furnishings,0.51
Xerox 1882,Toby Grace,6018,-55.78,55.98,13.88,Saskachewan,Paper,0.36
"Wilson Jones Hanging View Binder, White, 1""",Joseph Holt,6336,-84.13,7.1,6.05,Saskachewan,Binders and Binder Accessories,0.39
Hoover Portapower� Portable Vacuum,Patrick Ryan,7559,-374.82,4.48,49,Saskachewan,Appliances,0.6
"Fellowes Basic 104-Key Keyboard, Platinum",Patrick Ryan,7559,-63.39,20.95,5.99,Saskachewan,Computer Peripherals,0.65
AT&T 2230 Dual Handset Phone With Caller ID/Call Waiting,Maya Herman,8007,412.63,99.99,19.99,Saskachewan,Office Machines,0.52
Sanford 52201 APSCO Electric Pencil Sharpener,Rick Hansen,8070,76.51,40.97,8.99,Saskachewan,Pens & Art Supplies,0.59
"Global Leather Task Chair, Black",Peter Fuller,8259,-584.6,89.99,42,Saskachewan,Chairs & Chairmats,0.66
Wilson Jones �Snap� Scratch Pad Binder Tool for Ring Binders,Patrick Ryan,8642,-76.14,5.8,5.59,Saskachewan,Binders and Binder Accessories,0.4
Avery 503,Patrick Ryan,8642,49.69,10.35,0.99,Saskachewan,Labels,0.37
Fellowes Staxonsteel� Drawer Files,William Brown,8803,-145.07,193.17,19.99,Saskachewan,Storage & Organization,0.71
Surelock� Post Binders,William Brown,8803,187.37,30.56,2.99,Saskachewan,Binders and Binder Accessories,0.35
"Master Giant Foot� Doorstop, Safety Yellow",John Dryer,9383,18.53,7.59,4,Saskachewan,Office Furnishings,0.42
"Hon Metal Bookcases, Black",Rick Hansen,10278,32.55,70.98,26.74,Saskachewan,Bookcases,0.6
Hewlett-Packard Deskjet 940 REFURBISHED Color Inkjet Printer,Ashley Jarboe,10949,252.77,80.97,30.06,Saskachewan,Office Machines,0.4
Avery White Multi-Purpose Labels,Maya Herman,11335,-2.42,4.98,0.49,Saskachewan,Labels,0.39
Epson C82 Color Inkjet Printer,Maya Herman,11335,-13.1,119.99,14,Saskachewan,Office Machines,0.36
Xerox 1978,Ken Heidel,12355,-81.06,5.78,5.67,Saskachewan,Paper,0.36
Pizazz� Global Quick File�,Ken Heidel,12355,-29.07,14.97,7.51,Saskachewan,Storage & Organization,0.57
"Holmes Replacement Filter for HEPA Air Cleaner, Very Large Room, HEPA Filter",Sam Craven,13127,-333.07,68.81,60,Saskachewan,Appliances,0.41
"Riverside Palais Royal Lawyers Bookcase, Royale Cherry Finish",Randy Bradley,14978,2011.31,880.98,44.55,Saskachewan,Bookcases,0.62
"Tenex Personal Project File with Scoop Front Design, Black",Randy Bradley,14978,-6.32,13.48,4.51,Saskachewan,Storage & Organization,0.59
Avery White Multi-Purpose Labels,Maya Herman,15751,89.65,4.98,0.49,Saskachewan,Labels,0.39
Accessory15,Maya Herman,15751,-26.05,20.99,0.99,Saskachewan,Telephones and Communication,0.83
Fellowes Binding Cases,Mitch Willingham,15815,52.59,11.7,5.63,Saskachewan,Binders and Binder Accessories,0.4
Presstex Flexible Ring Binders,Mitch Willingham,15815,20.68,4.55,1.49,Saskachewan,Binders and Binder Accessories,0.35
Tyvek� Side-Opening Peel & Seel� Expanding Envelopes,Toby Grace,16737,366.8,90.48,19.99,Saskachewan,Envelopes,0.4
Serrated Blade or Curved Handle Hand Letter Openers,William Brown,17124,-55.72,3.14,1.92,Saskachewan,"Scissors, Rulers and Trimmers",0.84
EcoTones� Memo Sheets,Sam Craven,17666,21.74,4,1.3,Saskachewan,Paper,0.37
"Acme� 8"" Straight Scissors",Sam Craven,17666,-5.1,12.98,3.14,Saskachewan,"Scissors, Rulers and Trimmers",0.6
Microsoft Natural Multimedia Keyboard,Joseph Holt,19075,12.95,50.98,6.5,Saskachewan,Computer Peripherals,0.73
Canon S750 Color Inkjet Printer,Rick Hansen,21220,-258.08,120.97,26.3,Saskachewan,Office Machines,0.38
"Staples Wirebound Steno Books, 6"" x 9"", 12/Pack",Ashley Jarboe,21600,48.55,10.14,2.27,Saskachewan,Paper,0.36
Xerox 1906,Rick Hansen,22117,175.16,35.44,7.5,Saskachewan,Paper,0.38
Newell 342,Rick Hansen,22117,-16.42,3.28,3.97,Saskachewan,Pens & Art Supplies,0.56
Xerox 1988,Peter Fuller,22211,-89.98,30.98,19.99,Saskachewan,Paper,0.4
Bretford Rectangular Conference Table Tops,Peter Fuller,22211,634.76,376.13,85.63,Saskachewan,Tables,0.74
"Lifetime Advantage� Folding Chairs, 4/Carton",Joseph Holt,22404,1845.68,218.08,18.06,Saskachewan,Chairs & Chairmats,0.57
12-1/2 Diameter Round Wall Clock,Randy Bradley,23362,-20.6,19.98,10.49,Saskachewan,Office Furnishings,0.49
"Tenex Personal Project File with Scoop Front Design, Black",Randy Bradley,23399,7.86,13.48,4.51,Saskachewan,Storage & Organization,0.59
Xerox 226,Ashley Jarboe,23781,-59.85,6.48,5.84,Saskachewan,Paper,0.37
Hewlett-Packard Deskjet 6122 Color Inkjet Printer,Toby Grace,23812,2227.89,200.97,15.59,Saskachewan,Office Machines,0.36
Keytronic Designer 104- Key Black Keyboard,Randy Bradley,24199,-314.42,40.48,19.99,Saskachewan,Computer Peripherals,0.77
Luxo Economy Swing Arm Lamp,John Dryer,25155,-180.45,19.94,14.87,Saskachewan,Office Furnishings,0.57
"Wirebound Message Books, 5-1/2 x 4 Forms, 2 or 4 Forms per Page",John Dryer,25155,6.99,6.69,3.1,Saskachewan,Paper,0.36
Xerox 1952,John Dryer,25155,-1.74,4.98,5.49,Saskachewan,Paper,0.38
Xerox 1959,Patrick Ryan,26084,-107,6.68,7.3,Saskachewan,Paper,0.37
"Eureka The Boss� Plus 12-Amp Hard Box Upright Vacuum, Red",John Dryer,26146,107.31,104.65,18.93,Saskachewan,Appliances,0.58
"Hunt BOSTON� Vista� Battery-Operated Pencil Sharpener, Black",John Dryer,26146,-148.85,11.66,7.95,Saskachewan,Pens & Art Supplies,0.58
Panasonic KX-P3200 Dot Matrix Printer,Pauline Webber,26529,3376.03,297.64,14.7,Saskachewan,Office Machines,0.57
Accessory2,William Brown,26693,697.29,55.99,1.25,Saskachewan,Telephones and Communication,0.55
"Angle-D Binders with Locking Rings, Label Holders",Matt Collister,26948,-160.4,7.3,7.72,Saskachewan,Binders and Binder Accessories,0.38
Canon MP41DH Printing Calculator,Kean Takahito,26951,-318.59,150.98,13.99,Saskachewan,Office Machines,0.38
"Eldon Expressions� Desk Accessory, Wood Photo Frame, Mahogany",Patrick Ryan,27141,107.82,19.04,6.38,Saskachewan,Office Furnishings,0.56
"Advantus 10-Drawer Portable Organizer, Chrome Metal Frame, Smoke Drawers",Patrick Ryan,27141,300.34,59.76,9.71,Saskachewan,Storage & Organization,0.57
9-3/4 Diameter Round Wall Clock,Maya Herman,27302,29.76,13.79,8.78,Saskachewan,Office Furnishings,0.43
Xerox 1891,Maya Herman,27302,-27.51,48.91,5.81,Saskachewan,Paper,0.38
Xerox 1896,William Brown,27426,58.86,9.99,4.78,Saskachewan,Paper,0.4
Martin-Yale Premier Letter Opener,William Brown,27426,-93.62,12.88,4.59,Saskachewan,"Scissors, Rulers and Trimmers",0.82
Avery 51,Julia Dunbar,27810,109.29,6.3,0.5,Saskachewan,Labels,0.39
Xerox 1978,Susan Gilcrest,28674,-51.12,5.78,5.67,Saskachewan,Paper,0.36
"Tenex Personal Self-Stacking Standard File Box, Black/Gray",Rick Hansen,28742,-7.92,16.91,6.25,Saskachewan,Storage & Organization,0.58
Bretford Rectangular Conference Table Tops,Rick Hansen,28742,-209.56,376.13,85.63,Saskachewan,Tables,0.74
"Lesro Sheffield Collection Coffee Table, End Table, Center Table, Corner Table",Nick Zandusky,28772,-763.8,71.37,69,Saskachewan,Tables,0.68
StarTAC 8000,Nick Zandusky,28772,-803.08,205.99,8.99,Saskachewan,Telephones and Communication,0.6
"Maxell Pro 80 Minute CD-R, 10/Pack",Ashley Jarboe,29152,-40.86,17.48,1.99,Saskachewan,Computer Peripherals,0.45
Eldon Shelf Savers� Cubes and Bins,Ashley Jarboe,29152,-106.29,6.98,9.69,Saskachewan,Storage & Organization,0.83
12 Colored Short Pencils,Patrick Ryan,29639,-14.09,2.6,2.4,Saskachewan,Pens & Art Supplies,0.58
Smead Adjustable Mobile File Trolley with Lockable Top,Patrick Ryan,30407,6227.33,419.19,19.99,Saskachewan,Storage & Organization,0.58
Xerox 1936,William Brown,31175,147.08,19.98,5.97,Saskachewan,Paper,0.38
US Robotics 56K V.92 External Faxmodem,Peter Fuller,32455,1025.23,99.99,19.99,Saskachewan,Computer Peripherals,0.52
"Global Leather and Oak Executive Chair, Black",William Brown,32484,-198.8,300.98,64.73,Saskachewan,Chairs & Chairmats,0.56
Carina Double Wide Media Storage Towers in Natural & Black,Mitch Willingham,34402,-967.67,80.98,35,Saskachewan,Storage & Organization,0.81
Avery 520,Mitch Willingham,34402,23.88,3.15,0.5,Saskachewan,Labels,0.37
Epson DFX5000+ Dot Matrix Printer,Neoma Murray,34723,-3001.28,1500.97,29.7,Saskachewan,Office Machines,0.57
Hewlett-Packard Deskjet 940 REFURBISHED Color Inkjet Printer,Neoma Murray,34723,579.79,80.97,30.06,Saskachewan,Office Machines,0.4
5180,Neoma Murray,34723,79.32,65.99,8.99,Saskachewan,Telephones and Communication,0.56
Xerox 1894,Neoma Murray,34757,-107.06,6.48,6.22,Saskachewan,Paper,0.37
Avery Self-Adhesive Photo Pockets for Polaroid Photos,William Brown,34913,-29.89,6.81,5.48,Saskachewan,Binders and Binder Accessories,0.37
Prang Colored Pencils,Peter Fuller,35136,17.17,2.94,0.81,Saskachewan,Pens & Art Supplies,0.4
US Robotics 56K V.92 External Faxmodem,Randy Bradley,35299,907.67,99.99,19.99,Saskachewan,Computer Peripherals,0.52
Hewlett-Packard Deskjet 3820 Color Inkjet Printer,Mitch Willingham,36676,998.65,100.97,14,Saskachewan,Office Machines,0.37
Xerox 1991,Mitch Willingham,36676,51.53,22.84,8.18,Saskachewan,Paper,0.39
Hewlett Packard 6S Scientific Calculator,William Brown,36708,-71.98,12.99,9.44,Saskachewan,Office Machines,0.39
Timeport L7089,William Brown,36708,384.01,125.99,7.69,Saskachewan,Telephones and Communication,0.58
GBC ProClick� 150 Presentation Binding System,William Brown,36835,5081.87,315.98,19.99,Saskachewan,Binders and Binder Accessories,0.38
SAFCO Arco Folding Chair,William Brown,36835,1653.6,276.2,24.49,Saskachewan,Chairs & Chairmats,
"Howard Miller 16"" Diameter Gallery Wall Clock",William Brown,36835,257.59,63.94,14.48,Saskachewan,Office Furnishings,0.46
"Black Print Carbonless Snap-Off� Rapid Letter, 8 1/2"" x 7""",John Dryer,37127,50.13,9.11,2.15,Saskachewan,Paper,0.4
"GBC White Gloss Covers, Plain Front",Peter Fuller,37667,61.68,14.48,6.46,Saskachewan,Binders and Binder Accessories,0.38
Staples 6 Outlet Surge,Matt Collister,37825,-43.52,11.97,4.98,Saskachewan,Appliances,0.58
"Adams Phone Message Book, Professional, 400 Message Capacity, 5 3/6� x 11�",Matt Collister,37825,98.44,6.98,1.6,Saskachewan,Paper,0.38
"IBM Multi-Purpose Copy Paper, 8 1/2 x 11"", Case",Patrick Ryan,37861,337.25,30.98,5.76,Saskachewan,Paper,0.4
Newell 309,Rick Hansen,37926,60.06,11.55,2.36,Saskachewan,Pens & Art Supplies,0.55
Avery Poly Binder Pockets,Pauline Webber,38304,-28.31,3.58,5.47,Saskachewan,Binders and Binder Accessories,0.37
Office Star - Ergonomic Mid Back Chair with 2-Way Adjustable Arms,Nick Zandusky,38978,468.27,180.98,30,Saskachewan,Chairs & Chairmats,0.69
"Seth Thomas 13 1/2"" Wall Clock",Sam Craven,39267,85.48,17.78,5.03,Saskachewan,Office Furnishings,0.54
Eldon Portable Mobile Manager,Sam Craven,39267,-233.14,28.28,13.99,Saskachewan,Storage & Organization,0.58
"Staples Vinyl Coated Paper Clips, 800/Box",Pauline Webber,40772,22.85,7.89,2.82,Saskachewan,Rubber Bands,0.4
Accessory4,Patrick Ryan,40928,-420.59,85.99,0.99,Saskachewan,Telephones and Communication,0.85
Binding Machine Supplies,Kean Takahito,41216,49.66,29.17,6.27,Saskachewan,Binders and Binder Accessories,0.37
"Bevis Round Conference Table Top, X-Base",Kean Takahito,41216,1117.24,179.29,29.21,Saskachewan,Tables,0.74
TimeportP7382,Julia Dunbar,42310,394.35,205.99,8.99,Saskachewan,Telephones and Communication,0.56
Avery 481,Nick Zandusky,42403,30.76,3.08,0.99,Saskachewan,Labels,0.37
Newell 318,Nick Zandusky,42403,-20.2,2.78,1.25,Saskachewan,Pens & Art Supplies,0.59
Surelock� Post Binders,Matt Collister,43138,581.77,30.56,2.99,Saskachewan,Binders and Binder Accessories,0.35
O'Sullivan Cherrywood Estates Traditional Barrister Bookcase,Matt Collister,43138,-692.82,137.48,32.18,Saskachewan,Bookcases,0.78
Imation DVD-RAM discs,John Dryer,43206,135.37,35.41,1.99,Saskachewan,Computer Peripherals,0.43
Electrix Fluorescent Magnifier Lamps & Weighted Base,Julia Dunbar,43207,579.76,49.34,10.25,Saskachewan,Office Furnishings,0.57
"Sanford Colorific� Eraseable Coloring Pencils, 12 Count",Julia Dunbar,43207,-3.06,3.28,1.95,Saskachewan,Pens & Art Supplies,0.42
Colored Push Pins,Julia Dunbar,43207,-7.75,1.81,1.56,Saskachewan,Rubber Bands,0.49
Canon PC1080F Personal Copier,William Brown,43650,-2213.75,599.99,24.49,Saskachewan,Copiers and Fax,0.5
Staples SlimLine Pencil Sharpener,William Brown,43650,-26.29,11.97,5.81,Saskachewan,Pens & Art Supplies,0.6
"Executive Impressions 8-1/2"" Career Panel/Partition Cubicle Clock",Peter Fuller,44290,4.68,10.4,5.4,Saskachewan,Office Furnishings,0.51
Southworth 25% Cotton Linen-Finish Paper & Envelopes,Peter Fuller,44290,-114.58,9.06,9.86,Saskachewan,Paper,0.4
Xerox 229,Peter Fuller,44290,-75.28,6.48,5.87,Saskachewan,Paper,0.37
Xerox 1934,Neoma Murray,44613,939.43,55.98,5.15,Saskachewan,Paper,0.36
Bell Sonecor JB700 Caller ID,Neoma Murray,44613,-71.39,7.99,5.03,Saskachewan,Telephones and Communication,0.6
Xerox 1963,Neoma Murray,44613,-227.25,5.28,8.16,Saskachewan,Paper,0.4
Binder Clips by OIC,Peter Fuller,44965,2.16,1.48,0.7,Saskachewan,Rubber Bands,0.37
Newell 308,Peter Fuller,44965,-4.83,1.68,0.7,Saskachewan,Pens & Art Supplies,0.6
"Avery Flip-Chart Easel Binder, Black",Maya Herman,45733,-131.28,22.38,15.1,Saskachewan,Binders and Binder Accessories,0.38
Avery Non-Stick Binders,Patrick Ryan,45893,8.87,4.49,1.49,Saskachewan,Binders and Binder Accessories,0.39
"3M Polarizing Task Lamp with Clamp Arm, Light Gray",Nick Zandusky,46113,945.54,136.98,24.49,Saskachewan,Office Furnishings,0.59
"Memorex 4.7GB DVD+RW, 3/Pack",Peter Fuller,46311,539.57,28.48,1.99,Saskachewan,Computer Peripherals,0.4
"Executive Impressions 14"" Contract Wall Clock",Peter Fuller,46311,388.23,22.23,3.63,Saskachewan,Office Furnishings,0.52
Xerox 212,Peter Fuller,46311,-185.98,6.48,8.4,Saskachewan,Paper,0.37
Bevis Boat-Shaped Conference Table,Peter Fuller,47398,-184.06,262.11,62.74,Saskachewan,Tables,0.75
"Global Deluxe Stacking Chair, Gray",John Dryer,47554,-50.31,50.98,14.19,Saskachewan,Chairs & Chairmats,0.56
"Master Giant Foot� Doorstop, Safety Yellow",John Dryer,47554,41.58,7.59,4,Saskachewan,Office Furnishings,0.42
"Executive Impressions 12"" Wall Clock",Matt Collister,48135,93.68,17.67,8.99,Saskachewan,Office Furnishings,0.47
Aluminum Document Frame,Rick Hansen,49346,42.22,12.22,2.85,Saskachewan,Office Furnishings,0.55
Xerox 1981,Rick Hansen,49346,-117.91,5.28,5.57,Saskachewan,Paper,0.4
Tripp Lite Isotel 6 Outlet Surge Protector with Fax/Modem Protection,Mitch Willingham,49735,570.67,60.97,4.5,Saskachewan,Appliances,0.56
Acco� Hot Clips� Clips to Go,Patrick Ryan,50087,6.96,3.29,1.35,Saskachewan,Rubber Bands,0.4
GBC DocuBind TL200 Manual Binding Machine,Toby Grace,50466,2754.16,223.98,15.01,Saskachewan,Binders and Binder Accessories,0.38
TI 36X Solar Scientific Calculator,John Dryer,50501,227.59,23.99,6.3,Saskachewan,Office Machines,0.38
TimeportP7382,Neoma Murray,50818,1111.26,205.99,8.99,Saskachewan,Telephones and Communication,0.56
GBC Plastic Binding Combs,Nick Zandusky,50852,-191.23,7.38,11.51,Saskachewan,Binders and Binder Accessories,0.36
"Wilson Jones 1"" Hanging DublLock� Ring Binders",Peter Fuller,52068,-0.62,5.28,2.99,Saskachewan,Binders and Binder Accessories,0.37
Panasonic KX-P3626 Dot Matrix Printer,Peter Fuller,52068,7358.66,517.48,16.63,Saskachewan,Office Machines,0.59
O'Sullivan 3-Shelf Heavy-Duty Bookcases,Peter Fuller,52068,-412.36,58.14,36.61,Saskachewan,Bookcases,0.61
"Global Stack Chair without Arms, Black",Peter Fuller,52068,-119.55,25.98,14.36,Saskachewan,Chairs & Chairmats,0.6
300 Series Non-Flip,Julia Dunbar,52641,-449.42,155.99,8.08,Saskachewan,Telephones and Communication,0.6
Brother DCP1000 Digital 3 in 1 Multifunction Machine,Mitch Willingham,53378,4352.83,299.99,11.64,Saskachewan,Copiers and Fax,0.5
"Linden� 12"" Wall Clock With Oak Frame",Mitch Willingham,53378,-168.08,33.98,19.99,Saskachewan,Office Furnishings,0.55
Accessory36,Mitch Willingham,53378,-5.79,55.99,5,Saskachewan,Telephones and Communication,0.83
Staples Copy Paper (20Lb. and 84 Bright),William Brown,55136,-66.46,4.98,4.7,Saskachewan,Paper,0.38
StarTAC ST7868,Toby Grace,55655,995.09,125.99,8.99,Saskachewan,Telephones and Communication,0.55
BoxOffice By Design Rectangular and Half-Moon Meeting Room Tables,Nick Zandusky,55750,-791.66,218.75,69.64,Saskachewan,Tables,0.77
